{"count":1,"self":1725.047808,"total":9769.9122314,"children":{"InitializeSensors":{"count":8,"self":0.0019973,"total":0.0019973,"children":null},"AgentSendState":{"count":738334,"self":53.6816288,"total":3746.4538801999997,"children":{"CollectObservations":{"count":1181336,"self":578.1892096,"total":578.18920689999993,"children":null},"CollectDiscreteActionMasks":{"count":1181336,"self":2.5446375999999997,"total":2.5446375999999997,"children":null},"AgentInfo.ToProto":{"count":1181336,"self":14.653036799999999,"total":3112.0384071999997,"children":{"GenerateSensorData":{"count":1181336,"self":41.625856,"total":3097.3853701999997,"children":{"CameraSensor.GetCompressedObservation":{"count":1181336,"self":3055.7595647999997,"total":3055.7595133,"children":null}}}}}}},"DecideAction":{"count":738334,"self":4248.7554048,"total":4248.7552164,"children":null},"AgentAct":{"count":738334,"self":19.021475199999998,"total":30.0370858,"children":{"AgentInfo.ToProto":{"count":1520,"self":0.0309592,"total":11.0156114,"children":{"GenerateSensorData":{"count":1520,"self":0.078939,"total":10.9846522,"children":{"CameraSensor.GetCompressedObservation":{"count":1520,"self":10.9057136,"total":10.9057132,"children":null}}}}}}},"AgentInfo.ToProto":{"count":3604,"self":0.0830402,"total":19.6141905,"children":{"GenerateSensorData":{"count":3604,"self":0.13909559999999999,"total":19.5311503,"children":{"CameraSensor.GetCompressedObservation":{"count":3604,"self":19.3920544,"total":19.3920547,"children":null}}}}}},"gauges":{"MinionG2G.CumulativeReward":{"count":5124,"max":87.74849,"min":-76.25593,"runningAverage":-9.047784,"value":-15.9705009,"weightedAverage":-3.430473}},"metadata":{"timer_format_version":"0.1.0","start_time_seconds":"1592618621","unity_version":"2019.3.13f1","command_line_arguments":"D:\\Unity\\2019.3.13f1\\Editor\\Unity.exe -projectpath C:\/Projects\/MinionEnv -useHub -hubIPC -cloudEnvironment production -hubSessionId 58e01400-afd0-11ea-b347-df6b3d2597cf -accessToken OxeIc1Ng-6Tev_clACr7LQeQ8qKzLVSNDJv6BZwiB3I00cf","communication_protocol_version":"1.0.0","com.unity.ml-agents_version":"1.1.0-preview","scene_name":"MinionG2G","end_time_seconds":"1592628391"}}